Lat, Lon, Datetime, Serial No, Download Count, Battery, Disinfection Cycles, Failed Cycles
-15.346447, 28.355845, 2014-01-01 12:00:00 -0700, 1001, 1, 3.005, 0, 0
-15.334797, 28.351505, 2014-01-01 12:00:00 -0700, 1002, 1, 3.018, 0, 0
-15.345564, 28.344730, 2014-01-01 12:00:00 -0700, 1003, 1, 2.977, 0, 0
-15.341469, 28.363174, 2014-01-01 12:00:00 -0700, 1004, 1, 3.009, 0, 0
-15.340987, 28.339233, 2014-01-01 12:00:00 -0700, 1005, 1, 3.003, 0, 0
-15.338071, 28.343612, 2014-01-01 12:00:00 -0700, 1006, 1, 2.987, 0, 0
-15.338639, 28.335711, 2014-01-01 12:00:00 -0700, 1007, 1, 2.996, 0, 0
-15.323802, 28.344057, 2014-01-01 12:00:00 -0700, 1008, 1, 3.003, 0, 0
-15.340595, 28.344794, 2014-01-01 12:00:00 -0700, 1009, 1, 3.036, 0, 0
-15.338761, 28.350787, 2014-01-01 12:00:00 -0700, 1010, 1, 3.028, 0, 0
-15.348656, 28.336873, 2014-01-01 12:00:00 -0700, 1011, 1, 2.987, 0, 0
-15.341227, 28.343147, 2014-01-01 12:00:00 -0700, 1012, 1, 3.030, 0, 0
-15.366441, 28.341783, 2014-01-01 12:00:00 -0700, 1013, 1, 3.007, 0, 0
-15.346816, 28.355690, 2014-01-01 12:00:00 -0700, 1014, 1, 2.999, 0, 0
-15.336439, 28.348178, 2014-01-01 12:00:00 -0700, 1015, 1, 3.007, 0, 0
-15.336994, 28.362392, 2014-01-01 12:00:00 -0700, 1016, 1, 2.998, 0, 0
-15.335735, 28.339011, 2014-01-01 12:00:00 -0700, 1017, 1, 2.999, 0, 0
-15.333826, 28.350617, 2014-01-01 12:00:00 -0700, 1018, 1, 3.015, 0, 0
-15.338514, 28.366590, 2014-01-01 12:00:00 -0700, 1019, 1, 3.014, 0, 0
-15.313855, 28.349729, 2014-01-01 12:00:00 -0700, 1020, 1, 3.014, 0, 0
-15.352791, 28.340453, 2014-01-01 12:00:00 -0700, 1021, 1, 3.007, 0, 0
-15.331922, 28.329651, 2014-01-01 12:00:00 -0700, 1022, 1, 2.988, 0, 0
-15.348277, 28.347015, 2014-01-01 12:00:00 -0700, 1023, 1, 3.007, 0, 0
-15.332878, 28.357179, 2014-01-01 12:00:00 -0700, 1024, 1, 3.016, 0, 0
-15.342658, 28.348924, 2014-01-01 12:00:00 -0700, 1025, 1, 3.005, 0, 0
-15.349367, 28.355601, 2014-01-01 12:00:00 -0700, 1026, 1, 3.010, 0, 0
-15.336698, 28.355464, 2014-01-01 12:00:00 -0700, 1027, 1, 3.007, 0, 0
-15.332647, 28.358856, 2014-01-01 12:00:00 -0700, 1028, 1, 2.997, 0, 0
-15.333751, 28.339449, 2014-01-01 12:00:00 -0700, 1029, 1, 3.003, 0, 0
-15.324228, 28.330235, 2014-01-01 12:00:00 -0700, 1030, 1, 2.992, 0, 0
-15.355637, 28.356558, 2014-01-01 12:00:00 -0700, 1031, 1, 3.009, 0, 0
-15.336137, 28.345645, 2014-01-01 12:00:00 -0700, 1032, 1, 2.989, 0, 0
-15.330337, 28.324429, 2014-01-01 12:00:00 -0700, 1033, 1, 2.989, 0, 0
-15.33535, 28.336868, 2014-01-01 12:00:00 -0700, 1034, 1, 2.992, 0, 0
-15.329379, 28.354930, 2014-01-01 12:00:00 -0700, 1035, 1, 2.971, 0, 0
-15.331655, 28.347359, 2014-01-01 12:00:00 -0700, 1036, 1, 3.014, 0, 0
-15.330787, 28.355332, 2014-01-01 12:00:00 -0700, 1037, 1, 3.003, 0, 0
-15.337621, 28.356431, 2014-01-01 12:00:00 -0700, 1038, 1, 2.992, 0, 0
-15.341195, 28.333647, 2014-01-01 12:00:00 -0700, 1039, 1, 3.014, 0, 0
-15.329662, 28.354610, 2014-01-01 12:00:00 -0700, 1040, 1, 2.983, 0, 0
-15.34086, 28.347723, 2014-01-01 12:00:00 -0700, 1041, 1, 2.999, 0, 0
-15.333131, 28.350352, 2014-01-01 12:00:00 -0700, 1042, 1, 2.998, 0, 0
-15.337917, 28.325032, 2014-01-01 12:00:00 -0700, 1043, 1, 3.003, 0, 0
-15.34244, 28.334315, 2014-01-01 12:00:00 -0700, 1044, 1, 3.003, 0, 0
-15.350435, 28.346144, 2014-01-01 12:00:00 -0700, 1045, 1, 2.991, 0, 0
-15.314371, 28.357738, 2014-01-01 12:00:00 -0700, 1046, 1, 3.000, 0, 0
-15.331736, 28.332372, 2014-01-01 12:00:00 -0700, 1047, 1, 2.998, 0, 0
-15.334505, 28.353830, 2014-01-01 12:00:00 -0700, 1048, 1, 3.006, 0, 0
-15.320386, 28.341544, 2014-01-01 12:00:00 -0700, 1049, 1, 3.011, 0, 0
-15.329502, 28.347205, 2014-01-01 12:00:00 -0700, 1050, 1, 3.011, 0, 0
-15.332917, 28.338512, 2014-01-01 12:00:00 -0700, 1051, 1, 2.991, 0, 0
-15.317563, 28.340308, 2014-01-01 12:00:00 -0700, 1052, 1, 3.001, 0, 0
-15.330517, 28.347489, 2014-01-01 12:00:00 -0700, 1053, 1, 2.988, 0, 0
-15.340826, 28.345104, 2014-01-01 12:00:00 -0700, 1054, 1, 2.989, 0, 0
-15.344757, 28.354200, 2014-01-01 12:00:00 -0700, 1055, 1, 3.000, 0, 0
-15.338488, 28.335783, 2014-01-01 12:00:00 -0700, 1056, 1, 3.015, 0, 0
-15.337016, 28.331659, 2014-01-01 12:00:00 -0700, 1057, 1, 2.992, 0, 0
-15.344372, 28.345411, 2014-01-01 12:00:00 -0700, 1058, 1, 3.004, 0, 0
-15.345196, 28.343470, 2014-01-01 12:00:00 -0700, 1059, 1, 2.998, 0, 0
-15.354508, 28.356713, 2014-01-01 12:00:00 -0700, 1060, 1, 3.011, 0, 0
-15.326555, 28.343195, 2014-01-01 12:00:00 -0700, 1061, 1, 2.989, 0, 0
-15.346509, 28.365132, 2014-01-01 12:00:00 -0700, 1062, 1, 3.000, 0, 0
-15.328276, 28.337594, 2014-01-01 12:00:00 -0700, 1063, 1, 3.006, 0, 0
-15.341732, 28.343239, 2014-01-01 12:00:00 -0700, 1064, 1, 3.011, 0, 0
-15.346406, 28.337266, 2014-01-01 12:00:00 -0700, 1065, 1, 3.015, 0, 0
-15.353138, 28.352429, 2014-01-01 12:00:00 -0700, 1066, 1, 3.001, 0, 0
-15.329157, 28.349049, 2014-01-01 12:00:00 -0700, 1067, 1, 2.985, 0, 0
-15.35098, 28.336150, 2014-01-01 12:00:00 -0700, 1068, 1, 2.993, 0, 0
-15.335052, 28.357640, 2014-01-01 12:00:00 -0700, 1069, 1, 2.989, 0, 0
-15.323533, 28.351107, 2014-01-01 12:00:00 -0700, 1070, 1, 3.024, 0, 0
-15.33488, 28.339785, 2014-01-01 12:00:00 -0700, 1071, 1, 2.994, 0, 0
-15.334594, 28.354539, 2014-01-01 12:00:00 -0700, 1072, 1, 3.007, 0, 0
-15.341557, 28.343267, 2014-01-01 12:00:00 -0700, 1073, 1, 2.998, 0, 0
-15.341079, 28.344546, 2014-01-01 12:00:00 -0700, 1074, 1, 3.009, 0, 0
-15.336787, 28.352466, 2014-01-01 12:00:00 -0700, 1075, 1, 2.992, 0, 0
-15.318009, 28.349473, 2014-01-01 12:00:00 -0700, 1076, 1, 2.986, 0, 0
-15.34338, 28.351618, 2014-01-01 12:00:00 -0700, 1077, 1, 2.986, 0, 0
-15.330148, 28.352292, 2014-01-01 12:00:00 -0700, 1078, 1, 3.005, 0, 0
-15.349419, 28.331943, 2014-01-01 12:00:00 -0700, 1079, 1, 2.998, 0, 0
-15.321447, 28.343085, 2014-01-01 12:00:00 -0700, 1080, 1, 2.998, 0, 0
-15.330694, 28.335837, 2014-01-01 12:00:00 -0700, 1081, 1, 3.014, 0, 0
-15.343668, 28.361516, 2014-01-01 12:00:00 -0700, 1082, 1, 3.003, 0, 0
-15.319789, 28.342102, 2014-01-01 12:00:00 -0700, 1083, 1, 3.002, 0, 0
-15.336777, 28.326133, 2014-01-01 12:00:00 -0700, 1084, 1, 3.016, 0, 0
-15.330024, 28.345804, 2014-01-01 12:00:00 -0700, 1085, 1, 2.992, 0, 0
-15.342413, 28.348848, 2014-01-01 12:00:00 -0700, 1086, 1, 3.007, 0, 0
-15.326399, 28.339946, 2014-01-01 12:00:00 -0700, 1087, 1, 3.008, 0, 0
-15.346948, 28.348345, 2014-01-01 12:00:00 -0700, 1088, 1, 2.998, 0, 0
-15.343385, 28.340420, 2014-01-01 12:00:00 -0700, 1089, 1, 3.002, 0, 0
-15.326728, 28.349358, 2014-01-01 12:00:00 -0700, 1090, 1, 2.988, 0, 0
-15.327994, 28.354342, 2014-01-01 12:00:00 -0700, 1091, 1, 2.989, 0, 0
-15.330437, 28.350481, 2014-01-01 12:00:00 -0700, 1092, 1, 3.001, 0, 0
-15.328553, 28.339781, 2014-01-01 12:00:00 -0700, 1093, 1, 3.007, 0, 0
-15.33438, 28.343278, 2014-01-01 12:00:00 -0700, 1094, 1, 3.026, 0, 0
-15.330195, 28.356821, 2014-01-01 12:00:00 -0700, 1095, 1, 2.993, 0, 0
-15.332872, 28.343970, 2014-01-01 12:00:00 -0700, 1096, 1, 3.002, 0, 0
-15.331749, 28.340184, 2014-01-01 12:00:00 -0700, 1097, 1, 2.999, 0, 0
-15.330138, 28.347276, 2014-01-01 12:00:00 -0700, 1098, 1, 2.981, 0, 0
-15.342235, 28.338982, 2014-01-01 12:00:00 -0700, 1099, 1, 2.996, 0, 0
-15.327044, 28.355024, 2014-01-01 12:00:00 -0700, 1100, 1, 2.982, 0, 0
-15.294954, 28.313902, 2014-01-01 12:00:00 -0700, 1101, 1, 3.008, 0, 0
-15.30281, 28.316465, 2014-01-01 12:00:00 -0700, 1102, 1, 2.991, 0, 0
-15.276066, 28.300398, 2014-01-01 12:00:00 -0700, 1103, 1, 3.001, 0, 0
-15.315346, 28.301132, 2014-01-01 12:00:00 -0700, 1104, 1, 2.995, 0, 0
-15.305624, 28.309880, 2014-01-01 12:00:00 -0700, 1105, 1, 3.003, 0, 0
-15.300046, 28.319577, 2014-01-01 12:00:00 -0700, 1106, 1, 2.994, 0, 0
-15.291708, 28.299232, 2014-01-01 12:00:00 -0700, 1107, 1, 3.005, 0, 0
-15.29492, 28.293709, 2014-01-01 12:00:00 -0700, 1108, 1, 3.007, 0, 0
-15.303584, 28.334337, 2014-01-01 12:00:00 -0700, 1109, 1, 3.017, 0, 0
-15.309012, 28.314423, 2014-01-01 12:00:00 -0700, 1110, 1, 2.998, 0, 0
-15.303239, 28.305979, 2014-01-01 12:00:00 -0700, 1111, 1, 2.979, 0, 0
-15.300774, 28.298636, 2014-01-01 12:00:00 -0700, 1112, 1, 2.992, 0, 0
-15.290627, 28.307876, 2014-01-01 12:00:00 -0700, 1113, 1, 3.014, 0, 0
-15.294941, 28.309064, 2014-01-01 12:00:00 -0700, 1114, 1, 2.989, 0, 0
-15.30739, 28.322193, 2014-01-01 12:00:00 -0700, 1115, 1, 3.010, 0, 0
-15.306069, 28.303408, 2014-01-01 12:00:00 -0700, 1116, 1, 3.001, 0, 0
-15.30664, 28.307684, 2014-01-01 12:00:00 -0700, 1117, 1, 3.014, 0, 0
-15.294104, 28.309088, 2014-01-01 12:00:00 -0700, 1118, 1, 2.980, 0, 0
-15.309255, 28.321791, 2014-01-01 12:00:00 -0700, 1119, 1, 2.998, 0, 0
-15.302173, 28.321772, 2014-01-01 12:00:00 -0700, 1120, 1, 2.988, 0, 0
-15.308322, 28.332099, 2014-01-01 12:00:00 -0700, 1121, 1, 3.029, 0, 0
-15.308259, 28.318554, 2014-01-01 12:00:00 -0700, 1122, 1, 3.008, 0, 0
-15.29688, 28.326223, 2014-01-01 12:00:00 -0700, 1123, 1, 3.014, 0, 0
-15.29365, 28.326645, 2014-01-01 12:00:00 -0700, 1124, 1, 2.989, 0, 0
-15.286476, 28.313619, 2014-01-01 12:00:00 -0700, 1125, 1, 2.995, 0, 0
-15.325874, 28.308731, 2014-01-01 12:00:00 -0700, 1126, 1, 2.997, 0, 0
-15.300765, 28.316201, 2014-01-01 12:00:00 -0700, 1127, 1, 3.011, 0, 0
-15.302499, 28.295678, 2014-01-01 12:00:00 -0700, 1128, 1, 2.997, 0, 0
-15.312127, 28.317262, 2014-01-01 12:00:00 -0700, 1129, 1, 3.007, 0, 0
-15.315494, 28.311970, 2014-01-01 12:00:00 -0700, 1130, 1, 2.979, 0, 0
-15.310606, 28.320706, 2014-01-01 12:00:00 -0700, 1131, 1, 2.996, 0, 0
-15.299955, 28.320905, 2014-01-01 12:00:00 -0700, 1132, 1, 2.992, 0, 0
-15.29843, 28.318895, 2014-01-01 12:00:00 -0700, 1133, 1, 2.984, 0, 0
-15.29918, 28.326187, 2014-01-01 12:00:00 -0700, 1134, 1, 3.005, 0, 0
-15.304418, 28.329078, 2014-01-01 12:00:00 -0700, 1135, 1, 3.003, 0, 0
-15.303968, 28.321264, 2014-01-01 12:00:00 -0700, 1136, 1, 3.000, 0, 0
-15.28989, 28.322406, 2014-01-01 12:00:00 -0700, 1137, 1, 2.987, 0, 0
-15.311716, 28.317732, 2014-01-01 12:00:00 -0700, 1138, 1, 3.011, 0, 0
-15.301494, 28.320149, 2014-01-01 12:00:00 -0700, 1139, 1, 3.004, 0, 0
-15.295142, 28.332454, 2014-01-01 12:00:00 -0700, 1140, 1, 2.997, 0, 0
-15.30127, 28.318482, 2014-01-01 12:00:00 -0700, 1141, 1, 3.000, 0, 0
-15.317086, 28.307901, 2014-01-01 12:00:00 -0700, 1142, 1, 2.997, 0, 0
-15.304375, 28.317889, 2014-01-01 12:00:00 -0700, 1143, 1, 2.982, 0, 0
-15.303294, 28.318068, 2014-01-01 12:00:00 -0700, 1144, 1, 2.997, 0, 0
-15.300463, 28.310247, 2014-01-01 12:00:00 -0700, 1145, 1, 2.992, 0, 0
-15.304314, 28.293102, 2014-01-01 12:00:00 -0700, 1146, 1, 2.990, 0, 0
-15.315708, 28.302160, 2014-01-01 12:00:00 -0700, 1147, 1, 2.988, 0, 0
-15.321193, 28.314947, 2014-01-01 12:00:00 -0700, 1148, 1, 2.995, 0, 0
-15.302837, 28.319936, 2014-01-01 12:00:00 -0700, 1149, 1, 2.980, 0, 0
-15.303008, 28.308283, 2014-01-01 12:00:00 -0700, 1150, 1, 3.010, 0, 0
-15.304377, 28.321673, 2014-01-01 12:00:00 -0700, 1151, 1, 3.005, 0, 0
-15.308241, 28.295792, 2014-01-01 12:00:00 -0700, 1152, 1, 3.000, 0, 0
-15.300176, 28.309795, 2014-01-01 12:00:00 -0700, 1153, 1, 3.000, 0, 0
-15.283696, 28.288470, 2014-01-01 12:00:00 -0700, 1154, 1, 2.992, 0, 0
-15.317155, 28.305704, 2014-01-01 12:00:00 -0700, 1155, 1, 3.010, 0, 0
-15.302559, 28.304958, 2014-01-01 12:00:00 -0700, 1156, 1, 2.999, 0, 0
-15.297715, 28.318539, 2014-01-01 12:00:00 -0700, 1157, 1, 2.993, 0, 0
-15.293453, 28.318672, 2014-01-01 12:00:00 -0700, 1158, 1, 3.014, 0, 0
-15.293304, 28.323634, 2014-01-01 12:00:00 -0700, 1159, 1, 2.998, 0, 0
-15.316823, 28.308353, 2014-01-01 12:00:00 -0700, 1160, 1, 2.994, 0, 0
-15.309579, 28.317616, 2014-01-01 12:00:00 -0700, 1161, 1, 2.997, 0, 0
-15.31289, 28.307972, 2014-01-01 12:00:00 -0700, 1162, 1, 2.992, 0, 0
-15.299846, 28.302539, 2014-01-01 12:00:00 -0700, 1163, 1, 2.989, 0, 0
-15.303159, 28.325309, 2014-01-01 12:00:00 -0700, 1164, 1, 3.025, 0, 0
-15.305284, 28.300351, 2014-01-01 12:00:00 -0700, 1165, 1, 3.017, 0, 0
-15.300834, 28.309570, 2014-01-01 12:00:00 -0700, 1166, 1, 3.003, 0, 0
-15.312866, 28.331150, 2014-01-01 12:00:00 -0700, 1167, 1, 2.987, 0, 0
-15.293469, 28.309796, 2014-01-01 12:00:00 -0700, 1168, 1, 2.991, 0, 0
-15.297038, 28.317623, 2014-01-01 12:00:00 -0700, 1169, 1, 2.998, 0, 0
-15.319266, 28.301086, 2014-01-01 12:00:00 -0700, 1170, 1, 3.008, 0, 0
-15.303343, 28.307952, 2014-01-01 12:00:00 -0700, 1171, 1, 2.987, 0, 0
-15.317549, 28.319861, 2014-01-01 12:00:00 -0700, 1172, 1, 2.977, 0, 0
-15.304835, 28.322277, 2014-01-01 12:00:00 -0700, 1173, 1, 2.986, 0, 0
-15.299792, 28.315549, 2014-01-01 12:00:00 -0700, 1174, 1, 3.003, 0, 0
-15.311231, 28.315333, 2014-01-01 12:00:00 -0700, 1175, 1, 3.004, 0, 0
-15.312903, 28.300032, 2014-01-01 12:00:00 -0700, 1176, 1, 3.005, 0, 0
-15.312398, 28.310336, 2014-01-01 12:00:00 -0700, 1177, 1, 2.999, 0, 0
-15.30691, 28.279745, 2014-01-01 12:00:00 -0700, 1178, 1, 3.002, 0, 0
-15.318203, 28.301920, 2014-01-01 12:00:00 -0700, 1179, 1, 2.995, 0, 0
-15.307192, 28.331509, 2014-01-01 12:00:00 -0700, 1180, 1, 3.009, 0, 0
-15.306439, 28.296372, 2014-01-01 12:00:00 -0700, 1181, 1, 2.986, 0, 0
-15.317319, 28.312368, 2014-01-01 12:00:00 -0700, 1182, 1, 3.005, 0, 0
-15.299896, 28.305059, 2014-01-01 12:00:00 -0700, 1183, 1, 2.992, 0, 0
-15.289339, 28.332565, 2014-01-01 12:00:00 -0700, 1184, 1, 2.997, 0, 0
-15.313838, 28.324043, 2014-01-01 12:00:00 -0700, 1185, 1, 3.006, 0, 0
-15.308637, 28.320929, 2014-01-01 12:00:00 -0700, 1186, 1, 3.010, 0, 0
-15.323507, 28.316272, 2014-01-01 12:00:00 -0700, 1187, 1, 2.989, 0, 0
-15.302988, 28.317032, 2014-01-01 12:00:00 -0700, 1188, 1, 3.013, 0, 0
-15.294235, 28.306379, 2014-01-01 12:00:00 -0700, 1189, 1, 3.007, 0, 0
-15.302207, 28.307010, 2014-01-01 12:00:00 -0700, 1190, 1, 2.999, 0, 0
-15.297469, 28.308529, 2014-01-01 12:00:00 -0700, 1191, 1, 2.998, 0, 0
-15.311868, 28.296560, 2014-01-01 12:00:00 -0700, 1192, 1, 2.998, 0, 0
-15.30456, 28.324055, 2014-01-01 12:00:00 -0700, 1193, 1, 2.997, 0, 0
-15.293406, 28.304576, 2014-01-01 12:00:00 -0700, 1194, 1, 3.000, 0, 0
-15.31663, 28.317045, 2014-01-01 12:00:00 -0700, 1195, 1, 3.001, 0, 0
-15.296663, 28.304334, 2014-01-01 12:00:00 -0700, 1196, 1, 3.008, 0, 0
-15.315222, 28.297820, 2014-01-01 12:00:00 -0700, 1197, 1, 3.015, 0, 0
-15.311718, 28.315225, 2014-01-01 12:00:00 -0700, 1198, 1, 3.005, 0, 0
-15.299928, 28.321362, 2014-01-01 12:00:00 -0700, 1199, 1, 2.998, 0, 0
-15.297324, 28.333450, 2014-01-01 12:00:00 -0700, 1200, 1, 3.006, 0, 0
-15.351558, 28.344322, 2014-01-10 12:00:00 -0700, 1001, 2, 3.005, 2, 0
-15.332319, 28.350473, 2014-01-10 12:00:00 -0700, 1002, 2, 3.018, 0, 0
-15.339787, 28.340360, 2014-01-10 12:00:00 -0700, 1003, 2, 2.977, 2, 0
-15.327614, 28.327823, 2014-01-10 12:00:00 -0700, 1004, 2, 3.009, 0, 0
-15.333445, 28.339825, 2014-01-10 12:00:00 -0700, 1005, 2, 3.003, 0, 0
-15.336862, 28.336970, 2014-01-10 12:00:00 -0700, 1006, 2, 2.987, 2, 0
-15.338831, 28.342254, 2014-01-10 12:00:00 -0700, 1007, 2, 2.996, 1, 0
-15.335535, 28.327892, 2014-01-10 12:00:00 -0700, 1008, 2, 3.003, 0, 0
-15.341584, 28.337234, 2014-01-10 12:00:00 -0700, 1009, 2, 3.036, 0, 0
-15.343492, 28.351759, 2014-01-10 12:00:00 -0700, 1010, 2, 3.028, 3, 0
-15.337718, 28.349131, 2014-01-10 12:00:00 -0700, 1011, 2, 2.987, 4, 0
-15.336959, 28.351762, 2014-01-10 12:00:00 -0700, 1012, 2, 3.030, 3, 0
-15.325045, 28.336457, 2014-01-10 12:00:00 -0700, 1013, 2, 3.007, 0, 0
-15.322304, 28.345726, 2014-01-10 12:00:00 -0700, 1014, 2, 2.999, 0, 0
-15.339782, 28.336147, 2014-01-10 12:00:00 -0700, 1015, 2, 3.007, 2, 0
-15.329886, 28.343486, 2014-01-10 12:00:00 -0700, 1016, 2, 2.998, 0, 0
-15.332093, 28.332160, 2014-01-10 12:00:00 -0700, 1017, 2, 2.999, 0, 0
-15.324676, 28.352332, 2014-01-10 12:00:00 -0700, 1018, 2, 3.015, 0, 0
-15.358182, 28.340641, 2014-01-10 12:00:00 -0700, 1019, 2, 3.014, 0, 0
-15.326725, 28.347290, 2014-01-10 12:00:00 -0700, 1020, 2, 3.014, 1, 0
-15.333087, 28.334630, 2014-01-10 12:00:00 -0700, 1021, 2, 3.007, 0, 0
-15.342686, 28.334059, 2014-01-10 12:00:00 -0700, 1022, 2, 2.988, 0, 0
-15.345149, 28.343496, 2014-01-10 12:00:00 -0700, 1023, 2, 3.007, 0, 0
-15.340247, 28.341318, 2014-01-10 12:00:00 -0700, 1024, 2, 3.016, 0, 0
-15.330046, 28.346944, 2014-01-10 12:00:00 -0700, 1025, 2, 3.005, 6, 0
-15.352407, 28.326705, 2014-01-10 12:00:00 -0700, 1026, 2, 3.010, 0, 0
-15.326425, 28.348923, 2014-01-10 12:00:00 -0700, 1027, 2, 3.007, 9, 0
-15.347613, 28.351829, 2014-01-10 12:00:00 -0700, 1028, 2, 2.997, 0, 0
-15.353082, 28.341859, 2014-01-10 12:00:00 -0700, 1029, 2, 3.003, 7, 0
-15.356069, 28.354765, 2014-01-10 12:00:00 -0700, 1030, 2, 2.992, 0, 0
-15.317027, 28.342444, 2014-01-10 12:00:00 -0700, 1031, 2, 3.009, 0, 0
-15.347573, 28.340104, 2014-01-10 12:00:00 -0700, 1032, 2, 2.989, 2, 0
-15.332223, 28.359371, 2014-01-10 12:00:00 -0700, 1033, 2, 2.989, 0, 0
-15.331785, 28.341309, 2014-01-10 12:00:00 -0700, 1034, 2, 2.992, 0, 0
-15.324186, 28.347556, 2014-01-10 12:00:00 -0700, 1035, 2, 2.971, 0, 0
-15.34472, 28.344654, 2014-01-10 12:00:00 -0700, 1036, 2, 3.014, 0, 0
-15.344807, 28.348160, 2014-01-10 12:00:00 -0700, 1037, 2, 3.003, 0, 0
-15.338661, 28.344307, 2014-01-10 12:00:00 -0700, 1038, 2, 2.992, 6, 0
-15.343894, 28.332420, 2014-01-10 12:00:00 -0700, 1039, 2, 3.014, 0, 0
-15.330893, 28.361586, 2014-01-10 12:00:00 -0700, 1040, 2, 2.983, 0, 0
-15.337318, 28.343151, 2014-01-10 12:00:00 -0700, 1041, 2, 2.999, 8, 0
-15.331247, 28.354006, 2014-01-10 12:00:00 -0700, 1042, 2, 2.998, 4, 0
-15.350952, 28.351757, 2014-01-10 12:00:00 -0700, 1043, 2, 3.003, 4, 0
-15.343752, 28.339417, 2014-01-10 12:00:00 -0700, 1044, 2, 3.003, 0, 0
-15.344246, 28.333985, 2014-01-10 12:00:00 -0700, 1045, 2, 2.991, 6, 0
-15.316041, 28.346609, 2014-01-10 12:00:00 -0700, 1046, 2, 3.000, 1, 0
-15.345531, 28.363095, 2014-01-10 12:00:00 -0700, 1047, 2, 2.998, 1, 0
-15.330848, 28.336832, 2014-01-10 12:00:00 -0700, 1048, 2, 3.006, 1, 0
-15.332258, 28.334793, 2014-01-10 12:00:00 -0700, 1049, 2, 3.011, 4, 0
-15.340655, 28.347445, 2014-01-10 12:00:00 -0700, 1050, 2, 3.011, 0, 0
-15.338048, 28.336024, 2014-01-10 12:00:00 -0700, 1051, 2, 2.991, 0, 0
-15.328484, 28.363800, 2014-01-10 12:00:00 -0700, 1052, 2, 3.001, 0, 0
-15.312375, 28.361614, 2014-01-10 12:00:00 -0700, 1053, 2, 2.988, 0, 0
-15.339161, 28.339366, 2014-01-10 12:00:00 -0700, 1054, 2, 2.989, 1, 0
-15.343095, 28.341734, 2014-01-10 12:00:00 -0700, 1055, 2, 3.000, 4, 0
-15.33179, 28.355320, 2014-01-10 12:00:00 -0700, 1056, 2, 3.015, 4, 0
-15.340158, 28.341215, 2014-01-10 12:00:00 -0700, 1057, 2, 2.992, 2, 0
-15.342861, 28.358220, 2014-01-10 12:00:00 -0700, 1058, 2, 3.004, 4, 0
-15.333272, 28.346385, 2014-01-10 12:00:00 -0700, 1059, 2, 2.998, 4, 0
-15.300882, 28.345229, 2014-01-10 12:00:00 -0700, 1060, 2, 3.011, 2, 0
-15.316998, 28.352451, 2014-01-10 12:00:00 -0700, 1061, 2, 2.989, 0, 0
-15.309976, 28.351863, 2014-01-10 12:00:00 -0700, 1062, 2, 3.000, 0, 0
-15.343927, 28.335704, 2014-01-10 12:00:00 -0700, 1063, 2, 3.006, 1, 0
-15.340378, 28.335822, 2014-01-10 12:00:00 -0700, 1064, 2, 3.011, 0, 0
-15.339325, 28.364043, 2014-01-10 12:00:00 -0700, 1065, 2, 3.015, 3, 0
-15.334509, 28.343525, 2014-01-10 12:00:00 -0700, 1066, 2, 3.001, 7, 0
-15.347614, 28.353090, 2014-01-10 12:00:00 -0700, 1067, 2, 2.985, 5, 0
-15.340152, 28.339635, 2014-01-10 12:00:00 -0700, 1068, 2, 2.993, 0, 0
-15.34393, 28.335717, 2014-01-10 12:00:00 -0700, 1069, 2, 2.989, 3, 0
-15.340383, 28.349969, 2014-01-10 12:00:00 -0700, 1070, 2, 3.024, 2, 0
-15.333454, 28.320709, 2014-01-10 12:00:00 -0700, 1071, 2, 2.994, 0, 0
-15.317613, 28.356746, 2014-01-10 12:00:00 -0700, 1072, 2, 3.007, 2, 0
-15.338546, 28.348163, 2014-01-10 12:00:00 -0700, 1073, 2, 2.998, 4, 0
-15.335185, 28.338048, 2014-01-10 12:00:00 -0700, 1074, 2, 3.009, 1, 0
-15.337897, 28.341546, 2014-01-10 12:00:00 -0700, 1075, 2, 2.992, 0, 0
-15.310766, 28.333120, 2014-01-10 12:00:00 -0700, 1076, 2, 2.986, 4, 0
-15.350573, 28.359378, 2014-01-10 12:00:00 -0700, 1077, 2, 2.986, 1, 0
-15.352774, 28.365790, 2014-01-10 12:00:00 -0700, 1078, 2, 3.005, 6, 0
-15.333881, 28.357342, 2014-01-10 12:00:00 -0700, 1079, 2, 2.998, 0, 0
-15.313192, 28.373879, 2014-01-10 12:00:00 -0700, 1080, 2, 2.998, 1, 0
-15.35522, 28.342703, 2014-01-10 12:00:00 -0700, 1081, 2, 3.014, 1, 0
-15.343797, 28.335076, 2014-01-10 12:00:00 -0700, 1082, 2, 3.003, 0, 0
-15.315083, 28.339195, 2014-01-10 12:00:00 -0700, 1083, 2, 3.002, 0, 0
-15.324484, 28.358481, 2014-01-10 12:00:00 -0700, 1084, 2, 3.016, 0, 0
-15.325889, 28.355060, 2014-01-10 12:00:00 -0700, 1085, 2, 2.992, 2, 0
-15.33186, 28.343362, 2014-01-10 12:00:00 -0700, 1086, 2, 3.007, 0, 0
-15.329802, 28.347028, 2014-01-10 12:00:00 -0700, 1087, 2, 3.008, 0, 0
-15.333232, 28.356230, 2014-01-10 12:00:00 -0700, 1088, 2, 2.998, 0, 0
-15.334203, 28.349151, 2014-01-10 12:00:00 -0700, 1089, 2, 3.002, 2, 0
-15.343894, 28.354221, 2014-01-10 12:00:00 -0700, 1090, 2, 2.988, 0, 0
-15.34149, 28.365631, 2014-01-10 12:00:00 -0700, 1091, 2, 2.989, 6, 0
-15.338587, 28.337377, 2014-01-10 12:00:00 -0700, 1092, 2, 3.001, 0, 0
-15.345679, 28.349892, 2014-01-10 12:00:00 -0700, 1093, 2, 3.007, 0, 0
-15.330874, 28.354895, 2014-01-10 12:00:00 -0700, 1094, 2, 3.026, 7, 0
-15.361144, 28.344677, 2014-01-10 12:00:00 -0700, 1095, 2, 2.993, 6, 0
-15.328976, 28.333304, 2014-01-10 12:00:00 -0700, 1096, 2, 3.002, 2, 0
-15.328242, 28.345187, 2014-01-10 12:00:00 -0700, 1097, 2, 2.999, 0, 0
-15.345755, 28.330015, 2014-01-10 12:00:00 -0700, 1098, 2, 2.981, 2, 0
-15.324216, 28.362674, 2014-01-10 12:00:00 -0700, 1099, 2, 2.996, 3, 0
-15.349518, 28.331615, 2014-01-10 12:00:00 -0700, 1100, 2, 2.982, 0, 0
-15.310094, 28.325207, 2014-01-10 12:00:00 -0700, 1101, 2, 3.008, 0, 0
-15.321362, 28.314118, 2014-01-10 12:00:00 -0700, 1102, 2, 2.991, 0, 0
-15.311967, 28.299409, 2014-01-10 12:00:00 -0700, 1103, 2, 3.001, 5, 0
-15.320303, 28.312238, 2014-01-10 12:00:00 -0700, 1104, 2, 2.995, 0, 0
-15.301762, 28.292973, 2014-01-10 12:00:00 -0700, 1105, 2, 3.003, 4, 0
-15.306959, 28.330201, 2014-01-10 12:00:00 -0700, 1106, 2, 2.994, 0, 0
-15.30451, 28.325159, 2014-01-10 12:00:00 -0700, 1107, 2, 3.005, 4, 0
-15.307422, 28.326191, 2014-01-10 12:00:00 -0700, 1108, 2, 3.007, 0, 0
-15.296635, 28.316973, 2014-01-10 12:00:00 -0700, 1109, 2, 3.017, 7, 0
-15.29649, 28.303783, 2014-01-10 12:00:00 -0700, 1110, 2, 2.998, 0, 0
-15.301121, 28.323458, 2014-01-10 12:00:00 -0700, 1111, 2, 2.979, 3, 0
-15.297578, 28.319997, 2014-01-10 12:00:00 -0700, 1112, 2, 2.992, 0, 0
-15.302377, 28.328038, 2014-01-10 12:00:00 -0700, 1113, 2, 3.014, 0, 0
-15.307025, 28.316632, 2014-01-10 12:00:00 -0700, 1114, 2, 2.989, 1, 0
-15.299508, 28.310717, 2014-01-10 12:00:00 -0700, 1115, 2, 3.010, 0, 0
-15.299331, 28.325688, 2014-01-10 12:00:00 -0700, 1116, 2, 3.001, 0, 0
-15.287455, 28.291781, 2014-01-10 12:00:00 -0700, 1117, 2, 3.014, 2, 0
-15.301579, 28.303713, 2014-01-10 12:00:00 -0700, 1118, 2, 2.980, 0, 0
-15.297769, 28.318192, 2014-01-10 12:00:00 -0700, 1119, 2, 2.998, 0, 0
-15.299986, 28.303359, 2014-01-10 12:00:00 -0700, 1120, 2, 2.988, 1, 0
-15.305006, 28.305187, 2014-01-10 12:00:00 -0700, 1121, 2, 3.029, 0, 0
-15.280287, 28.307243, 2014-01-10 12:00:00 -0700, 1122, 2, 3.008, 1, 0
-15.314283, 28.325461, 2014-01-10 12:00:00 -0700, 1123, 2, 3.014, 3, 0
-15.301852, 28.305879, 2014-01-10 12:00:00 -0700, 1124, 2, 2.989, 0, 0
-15.303825, 28.311625, 2014-01-10 12:00:00 -0700, 1125, 2, 2.995, 2, 0
-15.310239, 28.311596, 2014-01-10 12:00:00 -0700, 1126, 2, 2.997, 9, 0
-15.315406, 28.317595, 2014-01-10 12:00:00 -0700, 1127, 2, 3.011, 9, 0
-15.293633, 28.315340, 2014-01-10 12:00:00 -0700, 1128, 2, 2.997, 0, 0
-15.306728, 28.314517, 2014-01-10 12:00:00 -0700, 1129, 2, 3.007, 3, 0
-15.32669, 28.295732, 2014-01-10 12:00:00 -0700, 1130, 2, 2.979, 7, 0
-15.310487, 28.309102, 2014-01-10 12:00:00 -0700, 1131, 2, 2.996, 2, 0
-15.312987, 28.308023, 2014-01-10 12:00:00 -0700, 1132, 2, 2.992, 0, 0
-15.312604, 28.307847, 2014-01-10 12:00:00 -0700, 1133, 2, 2.984, 0, 0
-15.29052, 28.302181, 2014-01-10 12:00:00 -0700, 1134, 2, 3.005, 0, 0
-15.307683, 28.297548, 2014-01-10 12:00:00 -0700, 1135, 2, 3.003, 8, 0
-15.294594, 28.322624, 2014-01-10 12:00:00 -0700, 1136, 2, 3.000, 0, 0
-15.301065, 28.318394, 2014-01-10 12:00:00 -0700, 1137, 2, 2.987, 1, 0
-15.309756, 28.293764, 2014-01-10 12:00:00 -0700, 1138, 2, 3.011, 0, 0
-15.294446, 28.319239, 2014-01-10 12:00:00 -0700, 1139, 2, 3.004, 0, 0
-15.302272, 28.290500, 2014-01-10 12:00:00 -0700, 1140, 2, 2.997, 9, 0
-15.291116, 28.306239, 2014-01-10 12:00:00 -0700, 1141, 2, 3.000, 8, 0
-15.296144, 28.315912, 2014-01-10 12:00:00 -0700, 1142, 2, 2.997, 1, 0
-15.305066, 28.311677, 2014-01-10 12:00:00 -0700, 1143, 2, 2.982, 3, 0
-15.311836, 28.326295, 2014-01-10 12:00:00 -0700, 1144, 2, 2.997, 0, 0
-15.297074, 28.303516, 2014-01-10 12:00:00 -0700, 1145, 2, 2.992, 0, 0
-15.304849, 28.309537, 2014-01-10 12:00:00 -0700, 1146, 2, 2.990, 0, 0
-15.297878, 28.317470, 2014-01-10 12:00:00 -0700, 1147, 2, 2.988, 5, 0
-15.313616, 28.314086, 2014-01-10 12:00:00 -0700, 1148, 2, 2.995, 0, 0
-15.291038, 28.325477, 2014-01-10 12:00:00 -0700, 1149, 2, 2.980, 0, 0
-15.295188, 28.326019, 2014-01-10 12:00:00 -0700, 1150, 2, 3.010, 0, 0
-15.287705, 28.322689, 2014-01-10 12:00:00 -0700, 1151, 2, 3.005, 1, 0
-15.295171, 28.314009, 2014-01-10 12:00:00 -0700, 1152, 2, 3.000, 1, 0
-15.300354, 28.312427, 2014-01-10 12:00:00 -0700, 1153, 2, 3.000, 0, 0
-15.286229, 28.314278, 2014-01-10 12:00:00 -0700, 1154, 2, 2.992, 0, 0
-15.306901, 28.317708, 2014-01-10 12:00:00 -0700, 1155, 2, 3.010, 9, 0
-15.276647, 28.315101, 2014-01-10 12:00:00 -0700, 1156, 2, 2.999, 7, 0
-15.295905, 28.298866, 2014-01-10 12:00:00 -0700, 1157, 2, 2.993, 0, 0
-15.30122, 28.326961, 2014-01-10 12:00:00 -0700, 1158, 2, 3.014, 0, 0
-15.304215, 28.321304, 2014-01-10 12:00:00 -0700, 1159, 2, 2.998, 6, 0
-15.297328, 28.331218, 2014-01-10 12:00:00 -0700, 1160, 2, 2.994, 0, 0
-15.306944, 28.307065, 2014-01-10 12:00:00 -0700, 1161, 2, 2.997, 1, 0
-15.290566, 28.333322, 2014-01-10 12:00:00 -0700, 1162, 2, 2.992, 3, 0
-15.302309, 28.305738, 2014-01-10 12:00:00 -0700, 1163, 2, 2.989, 0, 0
-15.304693, 28.307333, 2014-01-10 12:00:00 -0700, 1164, 2, 3.025, 7, 0
-15.29584, 28.319228, 2014-01-10 12:00:00 -0700, 1165, 2, 3.017, 9, 0
-15.299599, 28.317266, 2014-01-10 12:00:00 -0700, 1166, 2, 3.003, 0, 0
-15.306197, 28.308016, 2014-01-10 12:00:00 -0700, 1167, 2, 2.987, 0, 0
-15.314009, 28.322955, 2014-01-10 12:00:00 -0700, 1168, 2, 2.991, 2, 0
-15.306977, 28.311978, 2014-01-10 12:00:00 -0700, 1169, 2, 2.998, 8, 0
-15.291906, 28.317285, 2014-01-10 12:00:00 -0700, 1170, 2, 3.008, 2, 0
-15.308767, 28.309750, 2014-01-10 12:00:00 -0700, 1171, 2, 2.987, 2, 0
-15.28711, 28.317749, 2014-01-10 12:00:00 -0700, 1172, 2, 2.977, 3, 0
-15.299608, 28.311144, 2014-01-10 12:00:00 -0700, 1173, 2, 2.986, 0, 0
-15.306131, 28.303267, 2014-01-10 12:00:00 -0700, 1174, 2, 3.003, 0, 0
-15.311783, 28.308415, 2014-01-10 12:00:00 -0700, 1175, 2, 3.004, 0, 0
-15.302196, 28.309908, 2014-01-10 12:00:00 -0700, 1176, 2, 3.005, 1, 0
-15.303602, 28.316648, 2014-01-10 12:00:00 -0700, 1177, 2, 2.999, 0, 0
-15.297738, 28.309198, 2014-01-10 12:00:00 -0700, 1178, 2, 3.002, 6, 0
-15.306394, 28.294258, 2014-01-10 12:00:00 -0700, 1179, 2, 2.995, 3, 0
-15.321075, 28.309694, 2014-01-10 12:00:00 -0700, 1180, 2, 3.009, 0, 0
-15.311141, 28.312472, 2014-01-10 12:00:00 -0700, 1181, 2, 2.986, 0, 0
-15.310244, 28.318161, 2014-01-10 12:00:00 -0700, 1182, 2, 3.005, 0, 0
-15.279573, 28.315089, 2014-01-10 12:00:00 -0700, 1183, 2, 2.992, 4, 0
-15.30968, 28.310113, 2014-01-10 12:00:00 -0700, 1184, 2, 2.997, 0, 0
-15.321497, 28.309491, 2014-01-10 12:00:00 -0700, 1185, 2, 3.006, 0, 0
-15.309647, 28.317007, 2014-01-10 12:00:00 -0700, 1186, 2, 3.010, 3, 0
-15.293168, 28.319833, 2014-01-10 12:00:00 -0700, 1187, 2, 2.989, 4, 0
-15.309583, 28.321080, 2014-01-10 12:00:00 -0700, 1188, 2, 3.013, 0, 0
-15.30389, 28.316434, 2014-01-10 12:00:00 -0700, 1189, 2, 3.007, 2, 0
-15.302401, 28.304479, 2014-01-10 12:00:00 -0700, 1190, 2, 2.999, 5, 0
-15.306017, 28.321032, 2014-01-10 12:00:00 -0700, 1191, 2, 2.998, 0, 0
-15.298464, 28.313543, 2014-01-10 12:00:00 -0700, 1192, 2, 2.998, 2, 0
-15.303328, 28.314232, 2014-01-10 12:00:00 -0700, 1193, 2, 2.997, 0, 0
-15.30215, 28.321341, 2014-01-10 12:00:00 -0700, 1194, 2, 3.000, 0, 0
-15.288215, 28.317670, 2014-01-10 12:00:00 -0700, 1195, 2, 3.001, 0, 0
-15.305478, 28.309313, 2014-01-10 12:00:00 -0700, 1196, 2, 3.008, 0, 0
-15.296392, 28.309146, 2014-01-10 12:00:00 -0700, 1197, 2, 3.015, 1, 0
-15.286386, 28.321380, 2014-01-10 12:00:00 -0700, 1198, 2, 3.005, 2, 0
-15.312087, 28.306723, 2014-01-10 12:00:00 -0700, 1199, 2, 2.998, 4, 0
-15.304945, 28.295815, 2014-01-10 12:00:00 -0700, 1200, 2, 3.006, 1, 0
-15.325887, 28.338772, 2014-01-15 12:00:00 -0700, 1001, 3, 3.005, 2, 0
-15.358369, 28.350841, 2014-01-15 12:00:00 -0700, 1002, 3, 3.018, 14, 0
-15.343711, 28.350396, 2014-01-15 12:00:00 -0700, 1003, 3, 2.977, 2, 0
-15.327551, 28.347022, 2014-01-15 12:00:00 -0700, 1004, 3, 3.009, 0, 0
-15.360396, 28.343515, 2014-01-15 12:00:00 -0700, 1005, 3, 3.003, 0, 0
-15.334337, 28.346896, 2014-01-15 12:00:00 -0700, 1006, 3, 2.987, 10, 0
-15.350083, 28.360607, 2014-01-15 12:00:00 -0700, 1007, 3, 2.996, 6, 0
-15.335771, 28.342717, 2014-01-15 12:00:00 -0700, 1008, 3, 3.003, 0, 0
-15.355594, 28.361592, 2014-01-15 12:00:00 -0700, 1009, 3, 3.036, 1, 0
-15.31605, 28.360520, 2014-01-15 12:00:00 -0700, 1010, 3, 3.028, 7, 0
-15.345539, 28.328964, 2014-01-15 12:00:00 -0700, 1011, 3, 2.987, 4, 0
-15.333957, 28.356811, 2014-01-15 12:00:00 -0700, 1012, 3, 3.030, 3, 0
-15.328201, 28.347067, 2014-01-15 12:00:00 -0700, 1013, 3, 3.007, 0, 0
-15.328407, 28.349010, 2014-01-15 12:00:00 -0700, 1014, 3, 2.999, 0, 0
-15.317376, 28.352445, 2014-01-15 12:00:00 -0700, 1015, 3, 3.007, 2, 0
-15.333374, 28.347223, 2014-01-15 12:00:00 -0700, 1016, 3, 2.998, 0, 0
-15.331613, 28.340318, 2014-01-15 12:00:00 -0700, 1017, 3, 2.999, 1, 0
-15.332543, 28.365204, 2014-01-15 12:00:00 -0700, 1018, 3, 3.015, 0, 0
-15.346276, 28.343968, 2014-01-15 12:00:00 -0700, 1019, 3, 3.014, 0, 0
-15.339422, 28.351108, 2014-01-15 12:00:00 -0700, 1020, 3, 3.014, 1, 0
-15.342093, 28.341915, 2014-01-15 12:00:00 -0700, 1021, 3, 3.007, 0, 0
-15.344744, 28.332223, 2014-01-15 12:00:00 -0700, 1022, 3, 2.988, 0, 0
-15.347, 28.339281, 2014-01-15 12:00:00 -0700, 1023, 3, 3.007, 0, 0
-15.348153, 28.346159, 2014-01-15 12:00:00 -0700, 1024, 3, 3.016, 0, 0
-15.345781, 28.357492, 2014-01-15 12:00:00 -0700, 1025, 3, 3.005, 8, 0
-15.340067, 28.331506, 2014-01-15 12:00:00 -0700, 1026, 3, 3.010, 0, 0
-15.349388, 28.340605, 2014-01-15 12:00:00 -0700, 1027, 3, 3.007, 9, 0
-15.347999, 28.325704, 2014-01-15 12:00:00 -0700, 1028, 3, 2.997, 0, 0
-15.316148, 28.368586, 2014-01-15 12:00:00 -0700, 1029, 3, 3.003, 11, 0
-15.336609, 28.341696, 2014-01-15 12:00:00 -0700, 1030, 3, 2.992, 0, 0
-15.345337, 28.327158, 2014-01-15 12:00:00 -0700, 1031, 3, 3.009, 1, 0
-15.3484, 28.327329, 2014-01-15 12:00:00 -0700, 1032, 3, 2.989, 2, 0
-15.338482, 28.350392, 2014-01-15 12:00:00 -0700, 1033, 3, 2.989, 14, 0
-15.352997, 28.350484, 2014-01-15 12:00:00 -0700, 1034, 3, 2.992, 8, 0
-15.335318, 28.347931, 2014-01-15 12:00:00 -0700, 1035, 3, 2.971, 4, 0
-15.328918, 28.337854, 2014-01-15 12:00:00 -0700, 1036, 3, 3.014, 0, 0
-15.328896, 28.363218, 2014-01-15 12:00:00 -0700, 1037, 3, 3.003, 0, 0
-15.3412, 28.350434, 2014-01-15 12:00:00 -0700, 1038, 3, 2.992, 6, 0
-15.326469, 28.349054, 2014-01-15 12:00:00 -0700, 1039, 3, 3.014, 8, 0
-15.329851, 28.345561, 2014-01-15 12:00:00 -0700, 1040, 3, 2.983, 0, 0
-15.350231, 28.347765, 2014-01-15 12:00:00 -0700, 1041, 3, 2.999, 18, 0
-15.341098, 28.340105, 2014-01-15 12:00:00 -0700, 1042, 3, 2.998, 13, 0
-15.338936, 28.344348, 2014-01-15 12:00:00 -0700, 1043, 3, 3.003, 4, 0
-15.344982, 28.347178, 2014-01-15 12:00:00 -0700, 1044, 3, 3.003, 1, 0
-15.339836, 28.337971, 2014-01-15 12:00:00 -0700, 1045, 3, 2.991, 6, 0
-15.30045, 28.380428, 2014-01-15 12:00:00 -0700, 1046, 3, 3.000, 1, 0
-15.328276, 28.333572, 2014-01-15 12:00:00 -0700, 1047, 3, 2.998, 9, 0
-15.342343, 28.351706, 2014-01-15 12:00:00 -0700, 1048, 3, 3.006, 1, 0
-15.335064, 28.342950, 2014-01-15 12:00:00 -0700, 1049, 3, 3.011, 7, 0
-15.336096, 28.357744, 2014-01-15 12:00:00 -0700, 1050, 3, 3.011, 0, 0
-15.334339, 28.352928, 2014-01-15 12:00:00 -0700, 1051, 3, 2.991, 3, 0
-15.352314, 28.346541, 2014-01-15 12:00:00 -0700, 1052, 3, 3.001, 4, 0
-15.356489, 28.333067, 2014-01-15 12:00:00 -0700, 1053, 3, 2.988, 0, 0
-15.327895, 28.344060, 2014-01-15 12:00:00 -0700, 1054, 3, 2.989, 1, 0
-15.345129, 28.324780, 2014-01-15 12:00:00 -0700, 1055, 3, 3.000, 6, 0
-15.345661, 28.358079, 2014-01-15 12:00:00 -0700, 1056, 3, 3.015, 5, 0
-15.339866, 28.358282, 2014-01-15 12:00:00 -0700, 1057, 3, 2.992, 14, 0
-15.350299, 28.346019, 2014-01-15 12:00:00 -0700, 1058, 3, 3.004, 11, 0
-15.330919, 28.353121, 2014-01-15 12:00:00 -0700, 1059, 3, 2.998, 6, 0
-15.329365, 28.343227, 2014-01-15 12:00:00 -0700, 1060, 3, 3.011, 7, 0
-15.358678, 28.334669, 2014-01-15 12:00:00 -0700, 1061, 3, 2.989, 3, 0
-15.342756, 28.349629, 2014-01-15 12:00:00 -0700, 1062, 3, 3.000, 8, 0
-15.345038, 28.336760, 2014-01-15 12:00:00 -0700, 1063, 3, 3.006, 12, 0
-15.331738, 28.344305, 2014-01-15 12:00:00 -0700, 1064, 3, 3.011, 0, 0
-15.351878, 28.342650, 2014-01-15 12:00:00 -0700, 1065, 3, 3.015, 3, 0
-15.341501, 28.343733, 2014-01-15 12:00:00 -0700, 1066, 3, 3.001, 7, 0
-15.330657, 28.324607, 2014-01-15 12:00:00 -0700, 1067, 3, 2.985, 5, 0
-15.329459, 28.337865, 2014-01-15 12:00:00 -0700, 1068, 3, 2.993, 1, 0
-15.333231, 28.340207, 2014-01-15 12:00:00 -0700, 1069, 3, 2.989, 3, 0
-15.332028, 28.336982, 2014-01-15 12:00:00 -0700, 1070, 3, 3.024, 2, 0
-15.325204, 28.349565, 2014-01-15 12:00:00 -0700, 1071, 3, 2.994, 6, 0
-15.347794, 28.351301, 2014-01-15 12:00:00 -0700, 1072, 3, 3.007, 2, 0
-15.320241, 28.351618, 2014-01-15 12:00:00 -0700, 1073, 3, 2.998, 4, 0
-15.340085, 28.324590, 2014-01-15 12:00:00 -0700, 1074, 3, 3.009, 3, 0
-15.332496, 28.370477, 2014-01-15 12:00:00 -0700, 1075, 3, 2.992, 0, 0
-15.333052, 28.340933, 2014-01-15 12:00:00 -0700, 1076, 3, 2.986, 9, 0
-15.326526, 28.343813, 2014-01-15 12:00:00 -0700, 1077, 3, 2.986, 2, 0
-15.348352, 28.342591, 2014-01-15 12:00:00 -0700, 1078, 3, 3.005, 19, 0
-15.355688, 28.352007, 2014-01-15 12:00:00 -0700, 1079, 3, 2.998, 0, 0
-15.335342, 28.354300, 2014-01-15 12:00:00 -0700, 1080, 3, 2.998, 2, 0
-15.328127, 28.341665, 2014-01-15 12:00:00 -0700, 1081, 3, 3.014, 8, 0
-15.332614, 28.333785, 2014-01-15 12:00:00 -0700, 1082, 3, 3.003, 0, 0
-15.340419, 28.347130, 2014-01-15 12:00:00 -0700, 1083, 3, 3.002, 0, 0
-15.328176, 28.341928, 2014-01-15 12:00:00 -0700, 1084, 3, 3.016, 13, 0
-15.320811, 28.373688, 2014-01-15 12:00:00 -0700, 1085, 3, 2.992, 2, 0
-15.340938, 28.332226, 2014-01-15 12:00:00 -0700, 1086, 3, 3.007, 1, 0
-15.333252, 28.358007, 2014-01-15 12:00:00 -0700, 1087, 3, 3.008, 7, 0
-15.333743, 28.339813, 2014-01-15 12:00:00 -0700, 1088, 3, 2.998, 0, 0
-15.341661, 28.345479, 2014-01-15 12:00:00 -0700, 1089, 3, 3.002, 11, 0
-15.326209, 28.350637, 2014-01-15 12:00:00 -0700, 1090, 3, 2.988, 0, 0
-15.342476, 28.335896, 2014-01-15 12:00:00 -0700, 1091, 3, 2.989, 6, 0
-15.332829, 28.329999, 2014-01-15 12:00:00 -0700, 1092, 3, 3.001, 4, 0
-15.336553, 28.353325, 2014-01-15 12:00:00 -0700, 1093, 3, 3.007, 0, 0
-15.351587, 28.330835, 2014-01-15 12:00:00 -0700, 1094, 3, 3.026, 8, 0
-15.337603, 28.342491, 2014-01-15 12:00:00 -0700, 1095, 3, 2.993, 12, 0
-15.344114, 28.347707, 2014-01-15 12:00:00 -0700, 1096, 3, 3.002, 11, 0
-15.32795, 28.337809, 2014-01-15 12:00:00 -0700, 1097, 3, 2.999, 3, 0
-15.308664, 28.331223, 2014-01-15 12:00:00 -0700, 1098, 3, 2.981, 5, 0
-15.338447, 28.338082, 2014-01-15 12:00:00 -0700, 1099, 3, 2.996, 6, 0
-15.33117, 28.369509, 2014-01-15 12:00:00 -0700, 1100, 3, 2.982, 0, 0
-15.298529, 28.306474, 2014-01-15 12:00:00 -0700, 1101, 3, 3.008, 0, 0
-15.298492, 28.310686, 2014-01-15 12:00:00 -0700, 1102, 3, 2.991, 14, 0
-15.303995, 28.323137, 2014-01-15 12:00:00 -0700, 1103, 3, 3.001, 9, 0
-15.315153, 28.314529, 2014-01-15 12:00:00 -0700, 1104, 3, 2.995, 0, 0
-15.315905, 28.309642, 2014-01-15 12:00:00 -0700, 1105, 3, 3.003, 15, 0
-15.32314, 28.318319, 2014-01-15 12:00:00 -0700, 1106, 3, 2.994, 7, 0
-15.301804, 28.304363, 2014-01-15 12:00:00 -0700, 1107, 3, 3.005, 9, 0
-15.303007, 28.321418, 2014-01-15 12:00:00 -0700, 1108, 3, 3.007, 0, 0
-15.307441, 28.328264, 2014-01-15 12:00:00 -0700, 1109, 3, 3.017, 12, 0
-15.312066, 28.307681, 2014-01-15 12:00:00 -0700, 1110, 3, 2.998, 0, 0
-15.301987, 28.320954, 2014-01-15 12:00:00 -0700, 1111, 3, 2.979, 9, 0
-15.279071, 28.295409, 2014-01-15 12:00:00 -0700, 1112, 3, 2.992, 0, 0
-15.304781, 28.312958, 2014-01-15 12:00:00 -0700, 1113, 3, 3.014, 0, 0
-15.301744, 28.310916, 2014-01-15 12:00:00 -0700, 1114, 3, 2.989, 11, 0
-15.296424, 28.305171, 2014-01-15 12:00:00 -0700, 1115, 3, 3.010, 0, 0
-15.319589, 28.311277, 2014-01-15 12:00:00 -0700, 1116, 3, 3.001, 3, 0
-15.310468, 28.314890, 2014-01-15 12:00:00 -0700, 1117, 3, 3.014, 2, 0
-15.313829, 28.296906, 2014-01-15 12:00:00 -0700, 1118, 3, 2.980, 0, 0
-15.305454, 28.323692, 2014-01-15 12:00:00 -0700, 1119, 3, 2.998, 0, 0
-15.306279, 28.301598, 2014-01-15 12:00:00 -0700, 1120, 3, 2.988, 1, 0
-15.306433, 28.325005, 2014-01-15 12:00:00 -0700, 1121, 3, 3.029, 11, 0
-15.30657, 28.322886, 2014-01-15 12:00:00 -0700, 1122, 3, 3.008, 4, 0
-15.305053, 28.325025, 2014-01-15 12:00:00 -0700, 1123, 3, 3.014, 10, 0
-15.304595, 28.309508, 2014-01-15 12:00:00 -0700, 1124, 3, 2.989, 12, 0
-15.300421, 28.320140, 2014-01-15 12:00:00 -0700, 1125, 3, 2.995, 5, 0
-15.296788, 28.322551, 2014-01-15 12:00:00 -0700, 1126, 3, 2.997, 9, 0
-15.302406, 28.299522, 2014-01-15 12:00:00 -0700, 1127, 3, 3.011, 10, 0
-15.318553, 28.299622, 2014-01-15 12:00:00 -0700, 1128, 3, 2.997, 0, 0
-15.320088, 28.334526, 2014-01-15 12:00:00 -0700, 1129, 3, 3.007, 3, 0
-15.324615, 28.300519, 2014-01-15 12:00:00 -0700, 1130, 3, 2.979, 12, 0
-15.321068, 28.307466, 2014-01-15 12:00:00 -0700, 1131, 3, 2.996, 2, 0
-15.305578, 28.311393, 2014-01-15 12:00:00 -0700, 1132, 3, 2.992, 8, 0
-15.309496, 28.298549, 2014-01-15 12:00:00 -0700, 1133, 3, 2.984, 0, 0
-15.308461, 28.319899, 2014-01-15 12:00:00 -0700, 1134, 3, 3.005, 3, 0
-15.293167, 28.311717, 2014-01-15 12:00:00 -0700, 1135, 3, 3.003, 17, 0
-15.316179, 28.313250, 2014-01-15 12:00:00 -0700, 1136, 3, 3.000, 0, 0
-15.307348, 28.310332, 2014-01-15 12:00:00 -0700, 1137, 3, 2.987, 8, 0
-15.2953, 28.297896, 2014-01-15 12:00:00 -0700, 1138, 3, 3.011, 4, 0
-15.301981, 28.310554, 2014-01-15 12:00:00 -0700, 1139, 3, 3.004, 1, 0
-15.307581, 28.303803, 2014-01-15 12:00:00 -0700, 1140, 3, 2.997, 15, 0
-15.299341, 28.309890, 2014-01-15 12:00:00 -0700, 1141, 3, 3.000, 10, 0
-15.319119, 28.301316, 2014-01-15 12:00:00 -0700, 1142, 3, 2.997, 7, 0
-15.298725, 28.302155, 2014-01-15 12:00:00 -0700, 1143, 3, 2.982, 3, 0
-15.293846, 28.312575, 2014-01-15 12:00:00 -0700, 1144, 3, 2.997, 0, 0
-15.312424, 28.309661, 2014-01-15 12:00:00 -0700, 1145, 3, 2.992, 0, 0
-15.319102, 28.311382, 2014-01-15 12:00:00 -0700, 1146, 3, 2.990, 4, 0
-15.318146, 28.318759, 2014-01-15 12:00:00 -0700, 1147, 3, 2.988, 10, 0
-15.31276, 28.297020, 2014-01-15 12:00:00 -0700, 1148, 3, 2.995, 5, 0
-15.295856, 28.317854, 2014-01-15 12:00:00 -0700, 1149, 3, 2.980, 3, 0
-15.31576, 28.317903, 2014-01-15 12:00:00 -0700, 1150, 3, 3.010, 5, 0
-15.309553, 28.296506, 2014-01-15 12:00:00 -0700, 1151, 3, 3.005, 1, 0
-15.302188, 28.322101, 2014-01-15 12:00:00 -0700, 1152, 3, 3.000, 9, 0
-15.315311, 28.318495, 2014-01-15 12:00:00 -0700, 1153, 3, 3.000, 11, 0
-15.294796, 28.323142, 2014-01-15 12:00:00 -0700, 1154, 3, 2.992, 0, 0
-15.312115, 28.310800, 2014-01-15 12:00:00 -0700, 1155, 3, 3.010, 15, 0
-15.272354, 28.324331, 2014-01-15 12:00:00 -0700, 1156, 3, 2.999, 9, 0
-15.299794, 28.314183, 2014-01-15 12:00:00 -0700, 1157, 3, 2.993, 14, 0
-15.309217, 28.324481, 2014-01-15 12:00:00 -0700, 1158, 3, 3.014, 4, 0
-15.317675, 28.320773, 2014-01-15 12:00:00 -0700, 1159, 3, 2.998, 6, 0
-15.322382, 28.314949, 2014-01-15 12:00:00 -0700, 1160, 3, 2.994, 0, 0
-15.313046, 28.310446, 2014-01-15 12:00:00 -0700, 1161, 3, 2.997, 1, 0
-15.306167, 28.314786, 2014-01-15 12:00:00 -0700, 1162, 3, 2.992, 3, 0
-15.316181, 28.291070, 2014-01-15 12:00:00 -0700, 1163, 3, 2.989, 0, 0
-15.297296, 28.305042, 2014-01-15 12:00:00 -0700, 1164, 3, 3.025, 7, 0
-15.298536, 28.321973, 2014-01-15 12:00:00 -0700, 1165, 3, 3.017, 13, 0
-15.310827, 28.303497, 2014-01-15 12:00:00 -0700, 1166, 3, 3.003, 7, 0
-15.310588, 28.326592, 2014-01-15 12:00:00 -0700, 1167, 3, 2.987, 0, 0
-15.302988, 28.307794, 2014-01-15 12:00:00 -0700, 1168, 3, 2.991, 12, 0
-15.310502, 28.310815, 2014-01-15 12:00:00 -0700, 1169, 3, 2.998, 12, 0
-15.302883, 28.323349, 2014-01-15 12:00:00 -0700, 1170, 3, 3.008, 2, 0
-15.292503, 28.302918, 2014-01-15 12:00:00 -0700, 1171, 3, 2.987, 7, 0
-15.313772, 28.315913, 2014-01-15 12:00:00 -0700, 1172, 3, 2.977, 4, 0
-15.290976, 28.323057, 2014-01-15 12:00:00 -0700, 1173, 3, 2.986, 2, 0
-15.30899, 28.307305, 2014-01-15 12:00:00 -0700, 1174, 3, 3.003, 5, 0
-15.308422, 28.296553, 2014-01-15 12:00:00 -0700, 1175, 3, 3.004, 0, 0
-15.29492, 28.313448, 2014-01-15 12:00:00 -0700, 1176, 3, 3.005, 8, 0
-15.302508, 28.328115, 2014-01-15 12:00:00 -0700, 1177, 3, 2.999, 0, 0
-15.308423, 28.313749, 2014-01-15 12:00:00 -0700, 1178, 3, 3.002, 15, 0
-15.299932, 28.319456, 2014-01-15 12:00:00 -0700, 1179, 3, 2.995, 3, 0
-15.319251, 28.317111, 2014-01-15 12:00:00 -0700, 1180, 3, 3.009, 6, 0
-15.307705, 28.319945, 2014-01-15 12:00:00 -0700, 1181, 3, 2.986, 0, 0
-15.305576, 28.318132, 2014-01-15 12:00:00 -0700, 1182, 3, 3.005, 2, 0
-15.310174, 28.298564, 2014-01-15 12:00:00 -0700, 1183, 3, 2.992, 15, 0
-15.313382, 28.305353, 2014-01-15 12:00:00 -0700, 1184, 3, 2.997, 0, 0
-15.324797, 28.314425, 2014-01-15 12:00:00 -0700, 1185, 3, 3.006, 4, 0
-15.292943, 28.303509, 2014-01-15 12:00:00 -0700, 1186, 3, 3.010, 3, 0
-15.313315, 28.305249, 2014-01-15 12:00:00 -0700, 1187, 3, 2.989, 4, 0
-15.306227, 28.306817, 2014-01-15 12:00:00 -0700, 1188, 3, 3.013, 0, 0
-15.298438, 28.330616, 2014-01-15 12:00:00 -0700, 1189, 3, 3.007, 10, 0
-15.293273, 28.291073, 2014-01-15 12:00:00 -0700, 1190, 3, 2.999, 5, 0
-15.300224, 28.308323, 2014-01-15 12:00:00 -0700, 1191, 3, 2.998, 4, 0
-15.295163, 28.322401, 2014-01-15 12:00:00 -0700, 1192, 3, 2.998, 7, 0
-15.297928, 28.305325, 2014-01-15 12:00:00 -0700, 1193, 3, 2.997, 3, 0
-15.306615, 28.313931, 2014-01-15 12:00:00 -0700, 1194, 3, 3.000, 0, 0
-15.311844, 28.307170, 2014-01-15 12:00:00 -0700, 1195, 3, 3.001, 7, 0
-15.310165, 28.331268, 2014-01-15 12:00:00 -0700, 1196, 3, 3.008, 14, 0
-15.309517, 28.310999, 2014-01-15 12:00:00 -0700, 1197, 3, 3.015, 8, 0
-15.299204, 28.325721, 2014-01-15 12:00:00 -0700, 1198, 3, 3.005, 2, 0
-15.283702, 28.319843, 2014-01-15 12:00:00 -0700, 1199, 3, 2.998, 4, 0
-15.305199, 28.315061, 2014-01-15 12:00:00 -0700, 1200, 3, 3.006, 1, 0
-15.324141, 28.357255, 2014-01-30 12:01:00 -0700, 1001, 4, 3.005, 6, 0
-15.337448, 28.353690, 2014-01-30 12:01:00 -0700, 1002, 4, 3.018, 14, 0
-15.324786, 28.339485, 2014-01-30 12:01:00 -0700, 1003, 4, 2.977, 4, 0
-15.333266, 28.360272, 2014-01-30 12:01:00 -0700, 1004, 4, 3.009, 7, 0
-15.336142, 28.346888, 2014-01-30 12:01:00 -0700, 1005, 4, 3.003, 0, 0
-15.323668, 28.374445, 2014-01-30 12:01:00 -0700, 1006, 4, 2.987, 10, 0
-15.333279, 28.341707, 2014-01-30 12:01:00 -0700, 1007, 4, 2.996, 6, 0
-15.339947, 28.345335, 2014-01-30 12:01:00 -0700, 1008, 4, 3.003, 6, 0
-15.344621, 28.340594, 2014-01-30 12:01:00 -0700, 1009, 4, 3.036, 24, 0
-15.337474, 28.360746, 2014-01-30 12:01:00 -0700, 1010, 4, 3.028, 7, 0
-15.345931, 28.339943, 2014-01-30 12:01:00 -0700, 1011, 4, 2.987, 33, 0
-15.339956, 28.366282, 2014-01-30 12:01:00 -0700, 1012, 4, 3.030, 11, 0
-15.330559, 28.351989, 2014-01-30 12:01:00 -0700, 1013, 4, 3.007, 24, 0
-15.328513, 28.357627, 2014-01-30 12:01:00 -0700, 1014, 4, 2.999, 0, 0
-15.316868, 28.353059, 2014-01-30 12:01:00 -0700, 1015, 4, 3.007, 4, 0
-15.332439, 28.357319, 2014-01-30 12:01:00 -0700, 1016, 4, 2.998, 0, 0
-15.337004, 28.370086, 2014-01-30 12:01:00 -0700, 1017, 4, 2.999, 1, 0
-15.326686, 28.354535, 2014-01-30 12:01:00 -0700, 1018, 4, 3.015, 0, 0
-15.330889, 28.321701, 2014-01-30 12:01:00 -0700, 1019, 4, 3.014, 23, 0
-15.331032, 28.348931, 2014-01-30 12:01:00 -0700, 1020, 4, 3.014, 1, 0
-15.322086, 28.351321, 2014-01-30 12:01:00 -0700, 1021, 4, 3.007, 28, 0
-15.351634, 28.364985, 2014-01-30 12:01:00 -0700, 1022, 4, 2.988, 1, 0
-15.351609, 28.350686, 2014-01-30 12:01:00 -0700, 1023, 4, 3.007, 2, 0
-15.341852, 28.351284, 2014-01-30 12:01:00 -0700, 1024, 4, 3.016, 1, 0
-15.349629, 28.328810, 2014-01-30 12:01:00 -0700, 1025, 4, 3.005, 8, 0
-15.34242, 28.350755, 2014-01-30 12:01:00 -0700, 1026, 4, 3.010, 0, 0
-15.338231, 28.331302, 2014-01-30 12:01:00 -0700, 1027, 4, 3.007, 9, 0
-15.337319, 28.358615, 2014-01-30 12:01:00 -0700, 1028, 4, 2.997, 26, 0
-15.327063, 28.334811, 2014-01-30 12:01:00 -0700, 1029, 4, 3.003, 18, 0
-15.321624, 28.325585, 2014-01-30 12:01:00 -0700, 1030, 4, 2.992, 18, 0
-15.34267, 28.347918, 2014-01-30 12:01:00 -0700, 1031, 4, 3.009, 1, 0
-15.333359, 28.352324, 2014-01-30 12:01:00 -0700, 1032, 4, 2.989, 2, 0
-15.337332, 28.333459, 2014-01-30 12:01:00 -0700, 1033, 4, 2.989, 18, 0
-15.341358, 28.333563, 2014-01-30 12:01:00 -0700, 1034, 4, 2.992, 9, 0
-15.338246, 28.348274, 2014-01-30 12:01:00 -0700, 1035, 4, 2.971, 4, 0
-15.330387, 28.359411, 2014-01-30 12:01:00 -0700, 1036, 4, 3.014, 14, 0
-15.344795, 28.345404, 2014-01-30 12:01:00 -0700, 1037, 4, 3.003, 0, 0
-15.323112, 28.345095, 2014-01-30 12:01:00 -0700, 1038, 4, 2.992, 26, 0
-15.351355, 28.353071, 2014-01-30 12:01:00 -0700, 1039, 4, 3.014, 8, 0
-15.347927, 28.343007, 2014-01-30 12:01:00 -0700, 1040, 4, 2.983, 0, 0
-15.331849, 28.344613, 2014-01-30 12:01:00 -0700, 1041, 4, 2.999, 18, 0
-15.349743, 28.356058, 2014-01-30 12:01:00 -0700, 1042, 4, 2.998, 37, 0
-15.335323, 28.353520, 2014-01-30 12:01:00 -0700, 1043, 4, 3.003, 6, 0
-15.34686, 28.359542, 2014-01-30 12:01:00 -0700, 1044, 4, 3.003, 18, 0
-15.34689, 28.339627, 2014-01-30 12:01:00 -0700, 1045, 4, 2.991, 6, 0
-15.346849, 28.349700, 2014-01-30 12:01:00 -0700, 1046, 4, 3.000, 12, 0
-15.334608, 28.351899, 2014-01-30 12:01:00 -0700, 1047, 4, 2.998, 15, 0
-15.326073, 28.347488, 2014-01-30 12:01:00 -0700, 1048, 4, 3.006, 1, 0
-15.345984, 28.346873, 2014-01-30 12:01:00 -0700, 1049, 4, 3.011, 18, 0
-15.326008, 28.345510, 2014-01-30 12:01:00 -0700, 1050, 4, 3.011, 13, 0
-15.347117, 28.348539, 2014-01-30 12:01:00 -0700, 1051, 4, 2.991, 3, 0
-15.331518, 28.340227, 2014-01-30 12:01:00 -0700, 1052, 4, 3.001, 16, 0
-15.335426, 28.355008, 2014-01-30 12:01:00 -0700, 1053, 4, 2.988, 29, 0
-15.347298, 28.353206, 2014-01-30 12:01:00 -0700, 1054, 4, 2.989, 1, 0
-15.317927, 28.341063, 2014-01-30 12:01:00 -0700, 1055, 4, 3.000, 21, 0
-15.319976, 28.348994, 2014-01-30 12:01:00 -0700, 1056, 4, 3.015, 5, 0
-15.341741, 28.338265, 2014-01-30 12:01:00 -0700, 1057, 4, 2.992, 14, 0
-15.330228, 28.348780, 2014-01-30 12:01:00 -0700, 1058, 4, 3.004, 28, 0
-15.344364, 28.356284, 2014-01-30 12:01:00 -0700, 1059, 4, 2.998, 9, 0
-15.33876, 28.344506, 2014-01-30 12:01:00 -0700, 1060, 4, 3.011, 12, 0
-15.345019, 28.353767, 2014-01-30 12:01:00 -0700, 1061, 4, 2.989, 3, 0
-15.31141, 28.351392, 2014-01-30 12:01:00 -0700, 1062, 4, 3.000, 28, 0
-15.334139, 28.336282, 2014-01-30 12:01:00 -0700, 1063, 4, 3.006, 12, 0
-15.342739, 28.338021, 2014-01-30 12:01:00 -0700, 1064, 4, 3.011, 0, 0
-15.347302, 28.353025, 2014-01-30 12:01:00 -0700, 1065, 4, 3.015, 8, 0
-15.325774, 28.346149, 2014-01-30 12:01:00 -0700, 1066, 4, 3.001, 19, 0
-15.318118, 28.346883, 2014-01-30 12:01:00 -0700, 1067, 4, 2.985, 14, 0
-15.318424, 28.321265, 2014-01-30 12:01:00 -0700, 1068, 4, 2.993, 1, 0
-15.311845, 28.341638, 2014-01-30 12:01:00 -0700, 1069, 4, 2.989, 3, 0
-15.348414, 28.354283, 2014-01-30 12:01:00 -0700, 1070, 4, 3.024, 2, 0
-15.344143, 28.352023, 2014-01-30 12:01:00 -0700, 1071, 4, 2.994, 6, 0
-15.32991, 28.347617, 2014-01-30 12:01:00 -0700, 1072, 4, 3.007, 2, 0
-15.349023, 28.348534, 2014-01-30 12:01:00 -0700, 1073, 4, 2.998, 14, 0
-15.328316, 28.343247, 2014-01-30 12:01:00 -0700, 1074, 4, 3.009, 3, 0
-15.341524, 28.349639, 2014-01-30 12:01:00 -0700, 1075, 4, 2.992, 10, 0
-15.355946, 28.327679, 2014-01-30 12:01:00 -0700, 1076, 4, 2.986, 24, 0
-15.327663, 28.350405, 2014-01-30 12:01:00 -0700, 1077, 4, 2.986, 2, 0
-15.321159, 28.347731, 2014-01-30 12:01:00 -0700, 1078, 4, 3.005, 19, 0
-15.34634, 28.332501, 2014-01-30 12:01:00 -0700, 1079, 4, 2.998, 0, 0
-15.34216, 28.334634, 2014-01-30 12:01:00 -0700, 1080, 4, 2.998, 16, 0
-15.344513, 28.354883, 2014-01-30 12:01:00 -0700, 1081, 4, 3.014, 8, 0
-15.333126, 28.350511, 2014-01-30 12:01:00 -0700, 1082, 4, 3.003, 7, 0
-15.345638, 28.351769, 2014-01-30 12:01:00 -0700, 1083, 4, 3.002, 1, 0
-15.346868, 28.335612, 2014-01-30 12:01:00 -0700, 1084, 4, 3.016, 13, 0
-15.326338, 28.328765, 2014-01-30 12:01:00 -0700, 1085, 4, 2.992, 15, 0
-15.33363, 28.340249, 2014-01-30 12:01:00 -0700, 1086, 4, 3.007, 1, 0
-15.333605, 28.344825, 2014-01-30 12:01:00 -0700, 1087, 4, 3.008, 18, 0
-15.329379, 28.354846, 2014-01-30 12:01:00 -0700, 1088, 4, 2.998, 0, 0
-15.338547, 28.355563, 2014-01-30 12:01:00 -0700, 1089, 4, 3.002, 18, 0
-15.334705, 28.360317, 2014-01-30 12:01:00 -0700, 1090, 4, 2.988, 0, 0
-15.344587, 28.365787, 2014-01-30 12:01:00 -0700, 1091, 4, 2.989, 6, 0
-15.331733, 28.338317, 2014-01-30 12:01:00 -0700, 1092, 4, 3.001, 4, 0
-15.331479, 28.346399, 2014-01-30 12:01:00 -0700, 1093, 4, 3.007, 4, 0
-15.324103, 28.332312, 2014-01-30 12:01:00 -0700, 1094, 4, 3.026, 13, 0
-15.356061, 28.346637, 2014-01-30 12:01:00 -0700, 1095, 4, 2.993, 15, 0
-15.326738, 28.346284, 2014-01-30 12:01:00 -0700, 1096, 4, 3.002, 39, 0
-15.330866, 28.356922, 2014-01-30 12:01:00 -0700, 1097, 4, 2.999, 3, 0
-15.320001, 28.338194, 2014-01-30 12:01:00 -0700, 1098, 4, 2.981, 5, 0
-15.343631, 28.344360, 2014-01-30 12:01:00 -0700, 1099, 4, 2.996, 6, 0
-15.344623, 28.359725, 2014-01-30 12:01:00 -0700, 1100, 4, 2.982, 0, 0
-15.308857, 28.302372, 2014-01-30 12:01:00 -0700, 1101, 4, 3.008, 0, 0
-15.310601, 28.316849, 2014-01-30 12:01:00 -0700, 1102, 4, 2.991, 14, 0
-15.312146, 28.313076, 2014-01-30 12:01:00 -0700, 1103, 4, 3.001, 9, 0
-15.322484, 28.330063, 2014-01-30 12:01:00 -0700, 1104, 4, 2.995, 16, 0
-15.297462, 28.322561, 2014-01-30 12:01:00 -0700, 1105, 4, 3.003, 15, 0
-15.309113, 28.312308, 2014-01-30 12:01:00 -0700, 1106, 4, 2.994, 26, 0
-15.309996, 28.314782, 2014-01-30 12:01:00 -0700, 1107, 4, 3.005, 9, 0
-15.307462, 28.313389, 2014-01-30 12:01:00 -0700, 1108, 4, 3.007, 5, 0
-15.304015, 28.319168, 2014-01-30 12:01:00 -0700, 1109, 4, 3.017, 41, 0
-15.309218, 28.308607, 2014-01-30 12:01:00 -0700, 1110, 4, 2.998, 0, 0
-15.311954, 28.293536, 2014-01-30 12:01:00 -0700, 1111, 4, 2.979, 17, 0
-15.308303, 28.314865, 2014-01-30 12:01:00 -0700, 1112, 4, 2.992, 1, 0
-15.296648, 28.321073, 2014-01-30 12:01:00 -0700, 1113, 4, 3.014, 1, 0
-15.319185, 28.317089, 2014-01-30 12:01:00 -0700, 1114, 4, 2.989, 11, 0
-15.313331, 28.324439, 2014-01-30 12:01:00 -0700, 1115, 4, 3.010, 4, 0
-15.302703, 28.314804, 2014-01-30 12:01:00 -0700, 1116, 4, 3.001, 3, 0
-15.288694, 28.309445, 2014-01-30 12:01:00 -0700, 1117, 4, 3.014, 13, 0
-15.293804, 28.302788, 2014-01-30 12:01:00 -0700, 1118, 4, 2.980, 0, 0
-15.309834, 28.326980, 2014-01-30 12:01:00 -0700, 1119, 4, 2.998, 18, 0
-15.315065, 28.321634, 2014-01-30 12:01:00 -0700, 1120, 4, 2.988, 1, 0
-15.297133, 28.316443, 2014-01-30 12:01:00 -0700, 1121, 4, 3.029, 11, 0
-15.307354, 28.332643, 2014-01-30 12:01:00 -0700, 1122, 4, 3.008, 4, 0
-15.305841, 28.302678, 2014-01-30 12:01:00 -0700, 1123, 4, 3.014, 10, 0
-15.309775, 28.329160, 2014-01-30 12:01:00 -0700, 1124, 4, 2.989, 12, 0
-15.31084, 28.307583, 2014-01-30 12:01:00 -0700, 1125, 4, 2.995, 5, 0
-15.317096, 28.318336, 2014-01-30 12:01:00 -0700, 1126, 4, 2.997, 19, 0
-15.305247, 28.293796, 2014-01-30 12:01:00 -0700, 1127, 4, 3.011, 10, 0
-15.29701, 28.305190, 2014-01-30 12:01:00 -0700, 1128, 4, 2.997, 8, 0
-15.302311, 28.323656, 2014-01-30 12:01:00 -0700, 1129, 4, 3.007, 8, 0
-15.293544, 28.310897, 2014-01-30 12:01:00 -0700, 1130, 4, 2.979, 14, 0
-15.304319, 28.310072, 2014-01-30 12:01:00 -0700, 1131, 4, 2.996, 2, 0
-15.3045, 28.303653, 2014-01-30 12:01:00 -0700, 1132, 4, 2.992, 21, 0
-15.292053, 28.307916, 2014-01-30 12:01:00 -0700, 1133, 4, 2.984, 0, 0
-15.294099, 28.313077, 2014-01-30 12:01:00 -0700, 1134, 4, 3.005, 3, 0
-15.311327, 28.297267, 2014-01-30 12:01:00 -0700, 1135, 4, 3.003, 17, 0
-15.307109, 28.315254, 2014-01-30 12:01:00 -0700, 1136, 4, 3.000, 2, 0
-15.290721, 28.316937, 2014-01-30 12:01:00 -0700, 1137, 4, 2.987, 8, 0
-15.293368, 28.306189, 2014-01-30 12:01:00 -0700, 1138, 4, 3.011, 4, 0
-15.301744, 28.303283, 2014-01-30 12:01:00 -0700, 1139, 4, 3.004, 5, 0
-15.298583, 28.308645, 2014-01-30 12:01:00 -0700, 1140, 4, 2.997, 15, 0
-15.29975, 28.305168, 2014-01-30 12:01:00 -0700, 1141, 4, 3.000, 10, 0
-15.30243, 28.302152, 2014-01-30 12:01:00 -0700, 1142, 4, 2.997, 17, 0
-15.299194, 28.324587, 2014-01-30 12:01:00 -0700, 1143, 4, 2.982, 15, 0
-15.312892, 28.315198, 2014-01-30 12:01:00 -0700, 1144, 4, 2.997, 0, 0
-15.295658, 28.312130, 2014-01-30 12:01:00 -0700, 1145, 4, 2.992, 10, 0
-15.297411, 28.331710, 2014-01-30 12:01:00 -0700, 1146, 4, 2.990, 4, 0
-15.303094, 28.306320, 2014-01-30 12:01:00 -0700, 1147, 4, 2.988, 23, 0
-15.30878, 28.314449, 2014-01-30 12:01:00 -0700, 1148, 4, 2.995, 12, 0
-15.294696, 28.317946, 2014-01-30 12:01:00 -0700, 1149, 4, 2.980, 14, 0
-15.285427, 28.293088, 2014-01-30 12:01:00 -0700, 1150, 4, 3.010, 25, 0
-15.313165, 28.292086, 2014-01-30 12:01:00 -0700, 1151, 4, 3.005, 1, 0
-15.307303, 28.314569, 2014-01-30 12:01:00 -0700, 1152, 4, 3.000, 9, 0
-15.310801, 28.303932, 2014-01-30 12:01:00 -0700, 1153, 4, 3.000, 15, 0
-15.307758, 28.298353, 2014-01-30 12:01:00 -0700, 1154, 4, 2.992, 12, 0
-15.301898, 28.307955, 2014-01-30 12:01:00 -0700, 1155, 4, 3.010, 15, 0
-15.301681, 28.309937, 2014-01-30 12:01:00 -0700, 1156, 4, 2.999, 19, 0
-15.299357, 28.307651, 2014-01-30 12:01:00 -0700, 1157, 4, 2.993, 14, 0
-15.305495, 28.313356, 2014-01-30 12:01:00 -0700, 1158, 4, 3.014, 4, 0
-15.30424, 28.307491, 2014-01-30 12:01:00 -0700, 1159, 4, 2.998, 13, 0
-15.305074, 28.320135, 2014-01-30 12:01:00 -0700, 1160, 4, 2.994, 9, 0
-15.304002, 28.311146, 2014-01-30 12:01:00 -0700, 1161, 4, 2.997, 1, 0
-15.313209, 28.302453, 2014-01-30 12:01:00 -0700, 1162, 4, 2.992, 3, 0
-15.305941, 28.321469, 2014-01-30 12:01:00 -0700, 1163, 4, 2.989, 26, 0
-15.285346, 28.321336, 2014-01-30 12:01:00 -0700, 1164, 4, 3.025, 12, 0
-15.307211, 28.320981, 2014-01-30 12:01:00 -0700, 1165, 4, 3.017, 13, 0
-15.281287, 28.311586, 2014-01-30 12:01:00 -0700, 1166, 4, 3.003, 11, 0
-15.299498, 28.302947, 2014-01-30 12:01:00 -0700, 1167, 4, 2.987, 0, 0
-15.293159, 28.315147, 2014-01-30 12:01:00 -0700, 1168, 4, 2.991, 13, 0
-15.305911, 28.310601, 2014-01-30 12:01:00 -0700, 1169, 4, 2.998, 16, 0
-15.331929, 28.315998, 2014-01-30 12:01:00 -0700, 1170, 4, 3.008, 2, 0
-15.316915, 28.296845, 2014-01-30 12:01:00 -0700, 1171, 4, 2.987, 21, 0
-15.319014, 28.295271, 2014-01-30 12:01:00 -0700, 1172, 4, 2.977, 13, 0
-15.310482, 28.324514, 2014-01-30 12:01:00 -0700, 1173, 4, 2.986, 13, 0
-15.310083, 28.314482, 2014-01-30 12:01:00 -0700, 1174, 4, 3.003, 5, 0
-15.299263, 28.313980, 2014-01-30 12:01:00 -0700, 1175, 4, 3.004, 8, 0
-15.309731, 28.316870, 2014-01-30 12:01:00 -0700, 1176, 4, 3.005, 8, 0
-15.299723, 28.322942, 2014-01-30 12:01:00 -0700, 1177, 4, 2.999, 0, 0
-15.285894, 28.305744, 2014-01-30 12:01:00 -0700, 1178, 4, 3.002, 15, 0
-15.288423, 28.297376, 2014-01-30 12:01:00 -0700, 1179, 4, 2.995, 22, 0
-15.269276, 28.309919, 2014-01-30 12:01:00 -0700, 1180, 4, 3.009, 9, 0
-15.30063, 28.324744, 2014-01-30 12:01:00 -0700, 1181, 4, 2.986, 7, 0
-15.313404, 28.307680, 2014-01-30 12:01:00 -0700, 1182, 4, 3.005, 18, 0
-15.304523, 28.337415, 2014-01-30 12:01:00 -0700, 1183, 4, 2.992, 20, 0
-15.299564, 28.303688, 2014-01-30 12:01:00 -0700, 1184, 4, 2.997, 6, 0
-15.295998, 28.310092, 2014-01-30 12:01:00 -0700, 1185, 4, 3.006, 4, 0
-15.312254, 28.321025, 2014-01-30 12:01:00 -0700, 1186, 4, 3.010, 12, 0
-15.288272, 28.320530, 2014-01-30 12:01:00 -0700, 1187, 4, 2.989, 4, 0
-15.31555, 28.308090, 2014-01-30 12:01:00 -0700, 1188, 4, 3.013, 2, 0
-15.291861, 28.301730, 2014-01-30 12:01:00 -0700, 1189, 4, 3.007, 14, 0
-15.276258, 28.307112, 2014-01-30 12:01:00 -0700, 1190, 4, 2.999, 24, 0
-15.310512, 28.294895, 2014-01-30 12:01:00 -0700, 1191, 4, 2.998, 11, 0
-15.296998, 28.306958, 2014-01-30 12:01:00 -0700, 1192, 4, 2.998, 28, 0
-15.306237, 28.297448, 2014-01-30 12:01:00 -0700, 1193, 4, 2.997, 5, 0
-15.304414, 28.307440, 2014-01-30 12:01:00 -0700, 1194, 4, 3.000, 0, 0
-15.312399, 28.293893, 2014-01-30 12:01:00 -0700, 1195, 4, 3.001, 7, 0
-15.302325, 28.301447, 2014-01-30 12:01:00 -0700, 1196, 4, 3.008, 14, 0
-15.306667, 28.311050, 2014-01-30 12:01:00 -0700, 1197, 4, 3.015, 15, 0
-15.311583, 28.316166, 2014-01-30 12:01:00 -0700, 1198, 4, 3.005, 2, 0
-15.302323, 28.331844, 2014-01-30 12:01:00 -0700, 1199, 4, 2.998, 4, 0
-15.293565, 28.335668, 2014-01-30 12:01:00 -0700, 1200, 4, 3.006, 13, 0
